X1,X2,label
0.003634129599368892,0.010210926009252573,1
0.0011964316062057466,0.009342753144962196,1
-0.017154537837657118,0.025591813119667205,1
-0.02196022479906965,-0.0012780201656827535,1
0.43881305949483673,-0.8985113123749144,0
-0.0012981553371158522,0.023664225272118204,1
-0.0013241695924895154,0.011136505044167968,1
0.003921698914836188,0.007509656836555258,1
-0.005181884911647464,-0.0129891207345059,1
-0.13235545915500027,1.0008106349674573,0
-0.02928415576561784,-0.003328748811393767,1
0.5748706702354921,0.825815420093798,0
-0.003879128917591493,0.02291513858858951,1
0.00266577515408826,-0.025631494521488753,1
0.017631287178809518,-0.015461949320443197,1
-0.012832103551664925,-0.009388111261027123,1
-0.9321682725485532,-0.3598935029272278,0
0.00992772534666426,-0.008993305710919077,1
-0.01875277367614636,0.0014915097053965977,1
-0.6454040177682384,-0.7567531442667514,0
-0.0005846746302751778,0.0017719983025471465,1
-0.5724789222589068,0.8288125212695011,0
-0.04058509810017338,-0.9979164078944895,0
0.004555955119717167,0.0073664010320229215,1
-0.8872205844167983,0.47358365970910626,0
-0.9671895376040924,0.1914016593861938,0
0.2935663142393053,0.9631559315924957,0
0.022715392983787996,-0.006196606172209162,1
-0.0009458839792648877,-0.0149563630923987,1
0.01750138750851981,0.0035569783442979007,1
-0.34255284550033943,-0.9242429129581238,0
-0.19134523976956133,0.9873739777383873,0
-0.010081410846672825,0.004858225816346021,1
1.0016269862396248,-0.004210385899853033,0
-0.07169895295382399,-1.0212739250427956,0
-0.7921850902297811,0.6343660135285908,0
-0.009054961894690017,0.0075845111215954416,1
0.022748909600843702,0.014604583737313138,1
0.005378046467901477,-0.005049816396812715,1
0.7400155566839103,0.6639352638394574,0
-0.5702900680661848,-0.8117276180745704,0
0.3582507122323023,0.935329896882409,0
-0.7124379538498472,-0.6948392371226849,0
0.03485789406732231,0.0020300905730058477,1
-0.8222201189803293,-0.5789067120011832,0
-0.9322805712208119,-0.3386475505371167,0
0.014298191924525354,-0.03137076624695315,1
0.0006716201013064805,0.015830045582273123,1
0.7330102803536643,-0.7018380479832286,0
-0.01962344878252091,-0.011488716137053635,1
-0.00487995017998199,0.006214765760462594,1
0.0004359086354853245,-0.023178820018079624,1
-0.9824170345955425,-0.13936242961828274,0
0.016373354854935376,-0.010143093411002809,1
0.948349867311922,0.2901859555564573,0
0.9217853801799987,0.366479196104181,0
0.0010106083240838965,0.011532069979346677,1
0.9853390391871408,0.12682609919902904,0
-0.9421543795089569,0.36315468340071855,0
-0.007522680092317129,-0.006154766191802707,1
-0.8118287716452384,-0.5574653912802692,0
0.7923481242574262,0.6010978477202068,0
-0.01214453237726108,-0.0073701687605181,1
-0.8819590383222751,0.4947643595296801,0
0.005506837704583649,0.007105603704609093,1
-0.008958191121866438,0.011937766283659126,1
0.0038484066153070956,-0.004326975919584952,1
-0.004747473561064856,-0.010632011334330187,1
0.6422771497142943,0.7627865713530545,0
0.00768305480599982,0.005444231683086643,1
0.21722605991478589,0.9672437212870982,0
0.9971210669195458,-0.08915464801061536,0
0.00926256810985705,-0.0014843166817897664,1
-0.01344292838398796,-0.0011635966668011057,1
-0.8557847781115994,-0.5130273393814399,0
-0.8799447063834024,-0.4681763770899537,0
0.013135776981569867,-0.0006409882841339667,1
0.8757188932537784,0.46133037534309934,0
-0.012326634054174675,0.026640921858290895,1
-0.766666393045595,-0.6647488098435049,0
0.006880751469914593,-0.00974644745371192,1
0.6828963238138983,0.7233828739047562,0
-0.9385895689298578,-0.3307157712453559,0
0.648477173271745,0.740491923074593,0
-0.6468675288512291,-0.7545609632424695,0
0.004878175247418565,0.019133131565914736,1
0.03154923727716373,0.006471271889704352,1
-0.015222597546676545,0.00018972732641661053,1
-0.02287736852397914,0.0006312723958411744,1
-0.5835648789865197,-0.8180139610753324,0
0.10790693700714238,-0.988957693345242,0
0.8116477735152345,-0.5723033292959498,0
0.02582561116751963,0.01843446570778464,1
-0.9302694262815041,0.3964766307330256,0
-0.010519429142214622,0.0035821003182365425,1
0.6974894453509728,-0.7440062389827513,0
-0.013325774208260442,0.00023535303921015725,1
0.43403956641844377,0.8996516442499236,0
0.6874098173815789,0.7035512867351148,0
0.0076373921627786705,-0.017001170395814523,1
-0.0033613901148332034,-0.013391981369154031,1
-0.27622843500938354,-0.9579100811315155,0
0.007889741127605243,-0.005412722283389417,1
-0.9910832316173004,-0.09051860535779456,0
-0.0013066970440096764,0.0033334587553312117,1
-0.019260562231019948,0.01958753933043384,1
0.004262893179674328,0.0087021178690322,1
0.010500291733975847,-0.008275796139244049,1
-0.4946892602451987,0.8570540096673621,0
-0.010543291160409071,-0.012643047773761535,1
0.014384714777659843,0.00877238032545068,1
-0.016957112329563668,0.0013549210869693417,1
-0.007805796781423515,0.009567538880306935,1
-0.0199468069725843,-0.009637583363668501,1
0.4813496189455995,0.883487283123824,0
0.6647527409300925,-0.7480647611390041,0
-0.6624701219869784,0.748135215867311,0
0.005082833630496441,0.0035998969827614,1
-0.0061644589101275075,0.0035647067365549923,1
-0.8428096344483065,-0.5238361534188358,0
0.006586468414391403,-0.01190540499533985,1
0.5990759466678244,-0.8098211521120375,0
-0.013592916065553174,0.013349006286590866,1
-1.0061663005381225,-0.12032290012913084,0
-0.9971107929501395,0.175416433487265,0
0.004764858641113784,0.00810317528940713,1
0.009161935982798835,-0.01065761179121322,1
0.7640073943602208,-0.626988530655824,0
0.0076740330931967336,-0.0071191881158608385,1
-0.021584805658004705,-2.2817914338941862e-05,1
0.010343432000126551,0.009941155181184895,1
0.009022273407842476,-0.016305300951248672,1
-0.9873858265036883,-0.21222743037658293,0
0.01917854238575935,0.0025107144394082097,1
-0.007474913826766171,-0.014021871212808967,1
0.7617869365020791,0.6453605691684933,0
0.05978691464842702,0.9899788592616683,0
-0.9148882113968545,0.4152701719867906,0
0.931719733284078,0.29694303605848366,0
0.6071538322935627,0.7931146645011904,0
0.8493372512632257,0.5169187815311211,0
-0.9761922450865274,0.031051213534467877,0
0.0023277397192702394,0.01977520436500966,1
-0.9407768102110314,-0.37903946588106546,0
-0.0029326288995884303,-0.01573451269345913,1
0.01026080748972241,-0.015051617228582368,1
-0.012249376737478822,-0.008526620015539823,1
-1.0008928929443797,0.06359110345781134,0
0.0017804689175714011,0.0026224250637098146,1
-0.624255175395348,-0.7822278280772462,0
-0.009294814972791623,0.002709068098601308,1
-0.37933267206333565,0.9246195556365839,0
0.0011841171043403768,-0.001203214350328356,1
0.624066011039707,-0.7726242978054604,0
0.012810122201475156,0.004082768457844462,1
0.8796308842269226,-0.4585325076351064,0
-0.7549985872077491,-0.6879062111253128,0
0.0009781240442256062,-0.003328241783149926,1
0.720559539440933,0.6844643251831882,0
0.008076174157200211,-0.020544381063541048,1
-0.031126842760754062,0.0005955324374473988,1
0.0022835995438464374,0.001311279410948191,1
0.010268332222101783,-0.001769515973860528,1
-0.01948413262039004,0.014136050689426942,1
0.0011468950412074246,-0.006865603809372194,1
0.004185571088690615,0.01279211580105912,1
-0.8194764216970235,-0.5601188789887451,0
-0.0021789239270087963,0.015510992375302107,1
-0.6835680975650191,-0.7049921368754978,0
-0.7354605406704483,-0.6797414848545813,0
-0.17872629266124893,-0.9928999244019981,0
0.9584862356224703,-0.25589195111428154,0
0.19156384013358452,0.9862913710210731,0
0.007647477781273181,-0.0013437553950622723,1
0.992741861487966,-0.18991698957176906,0
-0.1499791681364709,-0.9877521832566462,0
-0.991203913915241,-0.06374680229919767,0
-0.9786599730648343,-0.11072008062919654,0
-0.005274098519528989,-0.010093100550268321,1
-0.0006990794289776173,0.008419444489309409,1
1.0092487197016786,-0.08974174800856888,0
-0.0036028096508848844,0.012528402738794414,1
0.02326637149970659,-1.0037308475163704,0
0.0058414102602603706,0.004955828791750375,1
-0.02178083453665384,0.0003523847517497812,1
-0.15502690779771566,0.9899297717115818,0
-0.24501886449697377,-0.9738412150017608,0
-0.1266436176342937,-1.012467103720733,0
0.01478064752757254,0.004140571328879129,1
-0.027009145961425698,-0.003939268368129095,1
-0.004358789795929791,-0.00785670619182011,1
0.0010224198798669207,0.001497808592144833,1
0.007420740939050471,0.02235621031526671,1
-0.8037911126554323,0.5864353967701843,0
-0.8949873271543435,0.45471589111306804,0
0.3906338379044539,-0.8986398030864352,0
-0.5054606483939034,-0.8595923278779654,0
-0.8710321364969477,0.49693199082463446,0
0.002244318029209124,0.007592491420075619,1
0.5663806440410142,0.8271661409127864,0
0.9393839605627269,0.35612262987150206,0
0.011744964098630904,0.0019572285596869,1
-0.0006279770152616887,0.013599640700387666,1
0.012141804065582481,0.012641000829024609,1
-0.01415072709708385,-0.00559045463525974,1
0.016056136462007844,0.014257335094761096,1
-0.4920608491297307,0.8758090149473726,0
0.008894174721212154,-0.016149261730919615,1
0.9844440164610381,-0.06595149821367853,0
-0.013387373910252215,-0.008158560162608453,1
0.6686330594537258,0.7346156380467731,0
-0.20605603086734067,0.9898125747510604,0
0.0031088641249609477,-0.008344060407594348,1
-0.0074030382782367425,-0.015116922877287,1
0.02104154909587982,0.004339103078809667,1
-0.5149394147366386,-0.861930771255326,0
-0.0009857254107217164,0.013611633903667889,1
-1.0001628139747973,0.00685599268695666,0
0.0012805176422323902,-0.013235213493389904,1
0.01538102864642621,0.004810201121909414,1
-0.7652643549891498,-0.619607738844436,0
-0.018561737203584283,0.002373702136823448,1
0.006818703846137647,-0.003951554398583116,1
0.8145491310460091,0.5702539325659655,0
0.004562517912865301,-0.020280144162493755,1
1.00957301665639,0.031363193509883515,0
0.00357531665430676,0.0008019130858743619,1
-0.30626188875146504,-0.9590419694512153,0
0.021683920028481223,-0.005764032137648435,1
0.012926684029500486,0.011185608470082188,1
-0.38557372826250175,-0.9141871070166103,0
0.011116922664760779,0.008748186654708992,1
0.9696522016489908,-0.22332621475641243,0
0.00989128879317263,0.029915240185520345,1
0.9115459564526952,0.4049519296745701,0
0.9147614443657565,0.3744861131463389,0
-0.965444867436195,0.2477922413991196,0
0.03858851775871986,-0.0054501212271325285,1
-0.755273279500638,0.6735451250380241,0
-0.5149014738407741,-0.8582806433125678,0
0.994266915478648,0.03980613237373847,0
-0.8266175790204949,0.5452870124434622,0
0.019174434188578268,0.010481816075944249,1
-0.026806707790262785,-0.0147917344945784,1
-0.7780605796254026,-0.627038590544143,0
0.19865606126003374,0.9976633445139133,0
0.6210944669432701,-0.7762409270212743,0
0.5752739315444161,0.8253253436726943,0
0.49805594047642615,0.8576456723315932,0
-0.8856372166375817,-0.42934560569336017,0
0.5184557888364212,0.8506705533828343,0
0.013174114381259537,-0.004043463638669714,1
-0.02532782436472715,-0.005211267838868203,1
0.0007976859880119889,0.0009076977696044607,1
0.2626749980468346,-0.9561697907288287,0
-0.6194859781756621,-0.7907981652258801,0
0.013459117884919799,0.00149654219893533,1
0.013000204663593754,-0.021159498137692252,1
0.016645960667698887,-0.01538674765389954,1
0.9824677419233726,0.06006655982431528,0
-0.030667892555946593,0.004906728892699267,1
0.9022345480402174,-0.41344242235131184,0
0.35113216527958696,0.924813894281994,0
-0.9882389272954257,-0.19450333630906516,0
-0.21579997084953115,-0.9623018636377083,0
0.011266580887546049,-0.01085656219391078,1
-0.004608769753772585,0.007314695548170398,1
0.059757434909954235,-0.9942294665588703,0
-0.004022075852075845,0.004462107857951867,1
0.07581065671079121,-1.00403433477401,0
0.9908055415867804,-0.13568278220962512,0
0.0859512526789193,1.000617512079331,0
-0.002797465418318485,-0.009417647637642409,1
-0.9986065740637874,0.00452534891821347,0
0.008249419477121602,0.01370885604337782,1
0.9726021219054892,0.14223391334515942,0
-0.7871736392073985,0.6317252615242414,0
-0.006655159746885235,0.016062958310953876,1
0.527940321487245,0.8444873464212409,0
0.0015784617278939584,-0.005668673153155841,1
0.010067957986784917,-0.00029023356382491296,1
-0.008614835347673927,0.014465316506939167,1
-0.9808317704055098,0.14086649823914854,0
-0.8807958883199615,-0.4810786887429653,0
-0.8803155665332296,0.47519621651452987,0
-0.019919016807985832,0.010713143966560278,1
-0.21060591149735364,-0.9635437938614282,0
0.7938507016467081,-0.5949386998607566,0
-0.9484703632845958,0.28249546203533155,0
0.011496170134748058,0.008473962968975783,1
0.013428652894602898,-0.0027214073161634746,1
-0.02522313434862604,-0.014801165994744916,1
0.020468411718538283,0.005825163452247349,1
0.906619914304222,-0.43076179732878356,0
-0.14973959991112964,-0.9892999434574193,0
0.9214368469537633,-0.4016604101684933,0
-0.005934754775076875,-0.023727093430094694,1
0.6090079781003359,-0.7707628139817224,0
0.9806063384650121,0.0848158366949712,0
-0.38105600592113953,0.9237667462582178,0
0.010398775470215452,-0.0020738853165671667,1
0.7398652760715765,-0.6692073247201926,0
0.9520359155060178,-0.23110068425289193,0
0.5574670377109125,-0.8193347289356586,0
-0.013929781328071364,-0.0036457831842032756,1
-0.0035517724018107166,-0.02130700835319864,1
-0.4782734946524623,-0.888424453408455,0
0.029061917118438335,0.015414906500989256,1
0.013553058836377804,-0.0016204444986374382,1
0.004133261794332878,0.011380256751250515,1
0.0019088240773732581,0.014781504832749377,1
0.008960899589795353,-0.005822236304170569,1
-0.0034539798630046047,-0.0013327789349781172,1
0.0011337407574065726,-0.0010300707867759188,1
0.7748693670369871,-0.603961911036117,0
0.8457410748217085,-0.5491447845964127,0
-0.9680609072383031,0.2570838183613742,0
-0.2863619435035512,-0.9601140277983431,0
-0.01931227281899852,0.008239892377598625,1
-0.8696701838052397,0.4618026877960708,0
0.5479991088042575,0.8281557595538035,0
-0.2710451154393723,0.9577703473492758,0
-0.799780031199777,-0.6072934137580893,0
0.004342711505766744,0.011385048812854924,1
0.0026316285977772726,0.0005115200802387554,1
0.007132170893780791,0.004765190218548227,1
-0.39791006470240325,-0.9282049318135559,0
0.9937814480113258,-0.19039035477933827,0
-0.011576144499403834,0.012220799192412781,1
-0.09289006260861919,0.9879427001926393,0
-0.0002769428105012673,-3.572535001336412e-05,1
-0.7021132944209203,-0.7019352456254627,0
-0.006992563959479775,-0.004373747137330903,1
0.021724513109553055,-0.0023908398748109846,1
1.0052436274725292,-0.007349104144777995,0
-0.6788738845355041,-0.7329777390207223,0
0.00373589955831451,0.021485711922603415,1
-0.007063520608305078,0.008246268408526502,1
0.014218034207135874,-0.026846004114025303,1
0.012346153414207176,0.0038928986941701863,1
0.9626672071611737,-0.2927423027232409,0
0.3420556904311165,-0.9534600067084023,0
-0.547111776953567,0.8416363905606462,0
0.0030268534899599198,0.994658516503119,0
0.22026853808906727,-0.9659982782896237,0
0.5248190021506299,-0.8514409117496203,0
0.0020742631908511663,0.004103950719976373,1
-0.004143975240341311,-0.009052750866615715,1
0.4195611085600087,0.9118407831144119,0
0.017513719388759605,-0.005851106297843663,1
-0.6424296982156334,0.7836210705077067,0
-0.9665905773152561,-0.30937626258983614,0
0.009436877879417297,0.009779596763861345,1
0.6444509759500571,0.7797108494336354,0
-0.8692194174815907,-0.4995362143686826,0
-0.08523372941430989,1.0034530361094818,0
-0.8181665850527742,-0.586972483864803,0
0.5934073536761082,-0.8194070546458979,0
-0.5644326086758287,-0.828484685614448,0
-0.24183808803689266,0.9575602926525248,0
0.5679989166864904,-0.8157318158312613,0
0.006110138825851827,0.02071377985472167,1
-0.13282502597059567,0.9943681288513684,0
0.8037423011388087,-0.5841684864382368,0
-0.46566657170320835,0.8881151860347939,0
0.9280279142715181,0.33574546215665135,0
-0.016628094972085648,-0.005239000103365735,1
-0.7533795166940396,0.6636666469715232,0
0.1541561782014916,-1.0026961371848855,0
0.018707239007368138,-0.020899748096698062,1
-0.5168113927313404,0.8513071505671784,0
-0.005930222846956346,0.0053427628914309395,1
-0.19122973340519586,0.9869269735579234,0
-0.5716548211893295,0.8351956251007953,0
1.0028433103231755,0.08132274666074767,0
-0.015051497884848618,-0.0017356421755968274,1
0.9501485434996653,-0.2764820960845808,0
0.5975645385310424,0.8071210838037224,0
0.004763151071590787,-0.007343298174255888,1
-0.009277964971488705,-0.005139567551578773,1
-0.9640029683793371,0.1472241862768322,0
-0.2551940175119548,0.9738800924576855,0
-0.03389642050795324,-0.004396664147248278,1
-0.9835721814171758,0.18978684785404612,0
-0.9246989091851364,0.3686644368691357,0
-0.0123513995836746,-0.014700621188208649,1
-0.018882712051927243,0.00293269314133503,1
-0.08501820236634162,0.9882007902048358,0
0.015322274129976046,-0.014078318546858263,1
-0.019213815706816358,0.0012014888280552916,1
-0.6914337734783181,0.728342057859387,0
0.8645472643952623,0.48861802998529974,0
-0.011456865175220163,-0.0007906539592747713,1
0.21503160706565574,0.970988838700654,0
0.004640699298856344,0.001651097427768606,1
0.7470995247476032,0.656180314062036,0
0.37311982253563236,-0.9068896652002745,0
0.7355014170241995,-0.6681014723075721,0
-0.011246410899989782,0.00901518241731388,1
0.004921815785079809,-0.012087320368457886,1
0.966942637831253,0.29387508128442263,0
0.9240276077181779,-0.3952844517057407,0
0.008524007525326536,0.0029639022713058467,1
0.005335124005046535,0.0036458596675181176,1
0.009509514227213741,0.0019969342808359297,1
-0.006535968808023276,-0.004715754666293634,1
-0.003962012499846738,-0.008325059820265008,1
-0.4679847961729703,-0.8732358379851034,0
0.7896363853217743,0.5975040979309533,0
0.02164351330960037,-0.007750541421997552,1
-0.013228419371604697,-0.0024523577961026457,1
-0.0033899358509712233,-0.031207014340940177,1
-0.0064018731426225915,-0.0017268523328884964,1
-0.9731410699838218,-0.18623128263047997,0
-0.022651483538812647,-0.01152664228470766,1
-0.009646493390529585,0.014031032770882114,1
0.007539822492522022,0.019687305146434506,1
-0.0023789586688884017,-0.0005802740268950422,1
0.003340334380173929,0.0039266595342462764,1
0.7743755307437411,-0.6172327591214654,0
0.9754133397605572,0.24149204700623086,0
-0.011338099139562663,0.005158221292183587,1
0.9796377377253138,-0.21655531308093945,0
-0.001459069774586908,0.020530627055831557,1
0.6562026930046485,-0.7592203261410551,0
-0.09355906105826023,-0.9833728685610601,0
0.49910910505975453,0.8595628823163365,0
0.7231344601489748,0.6865747790453732,0
-0.009443496858068522,0.01866278532194234,1
-0.9559563605782497,-0.2598403466541442,0
-0.9173529425896744,-0.4308039164341788,0
-0.1845695189630301,-0.9915434592264324,0
-0.2544246319183502,-0.9531353679610107,0
0.8451609020724186,-0.5247887105590251,0
-0.9241776707530629,-0.3266502074243272,0
0.9961097572485181,0.15615988085269317,0
-0.6651231210998058,0.757843474740682,0
-0.08228298814299323,-0.998237310728783,0
-0.005194494490277291,-0.02278456573737469,1
-0.01612396521486988,-0.00955768812006685,1
-0.9371961101641919,0.33429653777525425,0
0.001340484815492378,0.0045483213441198,1
0.011402470274187362,-0.00532687623693272,1
-0.016851961031783453,0.018517340779281737,1
0.011484540961718243,0.00801725274792845,1
0.01352002237139879,0.00043881300133977695,1
0.011133697228746268,0.008549081650390622,1
-0.5890189942542102,0.808911475205753,0
-0.015205555021042714,0.013792070849579995,1
-0.002409942782800712,0.008538442551227696,1
0.0038738192406633423,0.007904134303260719,1
0.007875593302006585,-0.004217736754917902,1
0.22457554945203778,-0.9894462342512909,0
-0.45463542648065164,0.8953725850053224,0
-0.9766800884288303,0.03588442607438775,0
-0.020120327727889492,0.01072040709538651,1
0.019367082622292857,-0.0036856584441284064,1
-0.001965224695880868,0.017512231407099274,1
-0.006223781949908215,-0.9952191000337255,0
0.4458785357001133,-0.8940376590093684,0
0.60618952821447,0.7922998538459547,0
0.16310541385877644,0.9844236251270586,0
0.005934823776733941,-0.004575174243820786,1
0.01602128517306344,0.009758000037812452,1
0.18223489909354365,-0.9933894845937846,0
0.2636213369373241,0.9799297452831913,0
0.12329172502982891,0.9793983438843678,0
0.49908130605264556,-0.8721268554381424,0
0.001338710496861583,-0.017851036332888297,1
0.8634172256677112,-0.5110523287528096,0
0.39738708899524755,-0.8955340130854333,0
0.41971735886296757,0.9077321171231164,0
0.01803972580725696,-0.01343511047766735,1
0.4389269317530434,0.891047630216162,0
-0.4485614169307097,-0.8852513987082524,0
0.011151007675613766,-0.00838162976584584,1
0.02407709943970664,0.010490866060472686,1
0.02296941048697192,0.002104992029234396,1
-0.003760996597691978,0.017964332570910492,1
0.0038433086791246685,0.022326404691085024,1
0.012909251123406375,0.0033529875645328085,1
0.38925735355017327,0.9318975513348973,0
0.9627257970675167,0.1457996570809327,0
0.25652354840349517,-0.9742420633765905,0
0.0007198056832717487,0.002676635400816312,1
0.862327251994519,0.5007849135595847,0
0.8658218955549599,0.5093907822976915,0
-0.5277762888975726,-0.8482949417343931,0
-0.5071193235035388,0.8665400469198001,0
1.0107635659425052,-0.040732421481652355,0
0.012112074118744036,-0.02937283360680276,1
-0.009087052699473689,0.012873782019880948,1
-0.024079833983484893,-0.012497973322946497,1
0.30373922573248807,0.9587709062143118,0
0.578945334644446,-0.7998640012492527,0
-0.6075299736188065,0.7843389800523293,0
0.7587542087155225,-0.6430382487438586,0
0.49080623102107696,-0.8562787568571183,0
-0.011742035316637481,-0.010496708835933566,1
0.002935375715114271,-0.013745876609896322,1
-0.035087066527061506,0.006096083347265964,1
-0.5989285278254808,0.8017714905090955,0
0.25223767198655694,-0.9795617847121233,0
0.008324252291094167,-0.01472843073108609,1
-0.0050404375024498535,-0.00392934522379791,1
-0.0010006859123950808,-0.013742095134586189,1
-0.0032031035369950805,0.0051640002206967215,1
0.09195890054464338,-1.0041793188785686,0
0.005471636338084762,0.010429301647569146,1
-0.015259990764157749,-0.00026585578140941293,1
-0.9951171662662774,-0.09916146046566278,0
-0.00874696035029151,-0.005670608741142431,1
-0.47928290032365223,-0.8754333694647095,0
0.9893113164201994,0.1883488135353158,0
-0.5990004759722111,-0.8076071076201277,0
-0.0011034422711860732,-0.010195418535719319,1
-0.9498378528268343,0.3503134783483981,0
-0.6410229343972369,0.8026102115536098,0
0.010572615041273367,0.0013589900640283057,1
0.953943473340852,0.26979928707490974,0
-0.24076656819254777,-0.9770500827913605,0
0.0014023440996153505,0.004206077164442445,1
0.008424781701089056,0.01678618015590618,1
-0.42873470396653846,-0.9033038973302531,0
0.6508507821410997,-0.7443274628855124,0
0.007189191998326877,-0.0023111193660084375,1
-0.017699637072614655,-0.009219073646250695,1
-0.8350797013863516,0.5769757093811878,0
0.01707071901147653,-0.00036346099495326335,1
0.3842660658017105,0.9209695484447392,0
0.02143167567982945,0.00723025003805303,1
0.650113349373076,0.7536625626370765,0
-0.005907946812261123,0.016017666820800712,1
-0.9171963078016427,-0.41947994151755374,0
0.00782154717934295,-0.016934421541485303,1
0.6608715277954227,-0.736563179844611,0
-0.34824765721656303,0.9438480126631736,0
0.590959971639784,0.8086978094285139,0
-0.010296265865986268,-0.0048716856215798,1
0.779295772276956,-0.6188785134763726,0
-0.7212701446232801,0.7025959960352338,0
-0.9549977512759278,-0.25578726535772983,0
-0.9714696055656983,0.16934163567693253,0
0.9683782597239194,-0.16063064715532657,0
0.10398742300147976,1.008635236526027,0
0.019423971154430876,-0.0011984213274049502,1
0.017540419589083478,-0.00041595869085882145,1
-0.018068998636116898,-0.006912957769940373,1
0.013969490446210613,0.015664668405135442,1
-0.0042279664917590064,0.9956434873333486,0
0.11020091649329736,0.9984455654011545,0
0.9375254619477771,-0.33797671522231626,0
-0.004562691443586522,0.014174904989098642,1
0.7522560940028097,0.6449538611424201,0
-0.008860295041635867,-0.007849796598448158,1
0.006399041799559972,-0.006526032864959156,1
-0.07011385262197509,-0.9971007946751894,0
-0.971876312338174,-0.22472102917766987,0
0.8490153748714362,0.5607177670464442,0
-0.33283372263101013,-0.9496508244157668,0
-0.7701859978603823,0.6347548426285463,0
0.02792843635534689,0.0021138923820638264,1
-0.012980991685986355,-0.002737414151088545,1
-0.007135897956830128,0.004792159785286975,1
-0.9686071826198761,-0.15912931343733544,0
0.7512147654973638,-0.6761385200160576,0
-0.0075318427043598495,0.021149869117021363,1
-0.7793739927625851,-0.6500918602758957,0
-0.41935920491520884,-0.9001790852958677,0
0.014559231452470107,-0.012542564775040201,1
-0.3026944293410258,0.9507574581556187,0
0.005938902164723253,0.9796243055264203,0
-0.0013581415094651517,0.0081994419003816,1
0.7938325049353,0.6002237816183362,0
-0.2739821675312973,-0.9497763481044071,0
0.006458807339850514,-0.006584458064892052,1
-0.20828276345223248,0.9693674603168407,0
0.9417232273315317,-0.37933835906542573,0
0.2930209141318679,-0.9496218979702113,0
-0.005091952404854638,0.01777531240814944,1
-0.6236653280168499,-0.760387782765251,0
0.9522705797778878,0.23775746671991826,0
0.0029116949333821817,-0.019920816549430814,1
-0.0015269609281498859,0.0018570710753759677,1
-0.019580310373624475,0.0016822079830590914,1
0.3941006447725023,-0.9137280294786575,0
-0.0007247096161386874,0.005985193324614169,1
-0.016420880346030103,-0.012789644791047793,1
0.889544733078822,0.470585836689101,0
-0.5852558841498222,0.808382533735506,0
-0.9999020696288203,0.05336486561488248,0
-0.007787365202834941,-0.004089114309313682,1
-0.009388454344363893,0.01614510271028612,1
-0.00802761922741415,0.002667350995936372,1
0.006766556436289053,-0.01504023556223184,1
-0.3498180728513813,0.9304641752840923,0
-0.8904462793130753,-0.45484092959639816,0
-0.00625684560594756,0.010503865346658696,1
-0.01238144090451673,0.004661750675025661,1
-0.026025106147523527,0.008670852308643512,1
0.9877692295292826,0.20336759770784657,0
-0.020846965818602445,1.0086755464201749,0
-0.6088349208653162,-0.7841439237969028,0
-0.9906836816726566,-0.06928383264851729,0
-0.0030825120118052243,0.004531284405750943,1
0.0016561727778100733,-0.004010523751813051,1
-0.7254933236598309,0.6961821936082384,0
0.12798478883729314,0.9985340066640934,0
0.007661395581230195,0.03681145676216969,1
-0.015735334062488546,0.0028369786607749595,1
-0.6226834292238089,0.7669931120272545,0
-0.7927089534948595,-0.5956048878198904,0
0.011115910906880022,-0.012259108119371935,1
0.003336641037052687,0.022091611658939872,1
-0.019574094130608642,0.011156897881043328,1
-0.016500450917577444,0.007591301999565363,1
0.007087937086511002,-0.02663595441189584,1
0.014015023832800923,0.003553462775282855,1
0.02458934025790007,0.004114336741351353,1
0.8672367647428026,0.5368972187997838,0
0.0030884552899097663,-0.010944626214020916,1
-0.39576955394752017,0.8981543382020447,0
-0.005172362085849926,-0.030227192711826355,1
-0.5418740132884113,0.825127437117436,0
0.9709117261533626,0.19301587856608152,0
0.007855263878834057,0.0014465854562367507,1
0.8343773934591582,0.561493648191681,0
0.014144750786789818,0.023744553545103173,1
0.011063193301846417,-0.008650368948603222,1
0.002031355988003915,-6.95023083460383e-05,1
-0.0006268774598097854,-0.0029860752244298397,1
0.9696186025150251,-0.2703120793740324,0
-0.9154267526785781,-0.3921449725872628,0
-0.013193436995686203,-0.0026152310557435972,1
-0.013525706776735149,-0.028576762309077047,1
-0.942743023624521,0.3072022110791556,0
0.9548185206147786,0.3362568472530042,0
0.017587757249524872,-0.010887666681730648,1
0.7040986464454249,-0.7176834058608544,0
0.0010805078811552083,-0.00234757541019644,1
-0.14611322951581937,-1.0125529418875383,0
-0.9742631177905476,0.25777269480302334,0
0.909055409129583,0.4434738415913186,0
0.014167511434952948,-0.005940875255271417,1
-0.0003019884446490567,-0.9883500803491765,0
0.9368389578868572,-0.39711893081597466,0
0.011219652198659119,0.003560321644082848,1
0.0007252156821438353,-0.0031446019047332435,1
-0.007791770357566642,-0.001983898599922578,1
-0.021114729659795363,-0.01555675399333471,1
-0.7356614122750641,0.6421994498085375,0
-0.022202317323806404,-0.002327322781041913,1
0.007176697179980072,0.0029686296445548908,1
0.014702679763473697,0.00883291697136886,1
0.02765294341676449,-0.011252525875839164,1
-0.01479677500402714,-0.019389144650549445,1
0.0028062476024028594,0.0227095045986731,1
0.014483002151121051,0.000973182858720157,1
-0.46657629537667933,0.8869095558788997,0
-0.014327511971483745,0.0025600461670062594,1
-0.31696307959412945,0.9507862031652682,0
-0.017883530306104217,0.008841175105582718,1
0.0074287869911796225,-0.013023104773034049,1
-0.019624309830399637,-0.004929471551211503,1
0.1755188441801231,0.9829508924126874,0
-0.9689912289283532,0.30917474566889136,0
-0.008621415966461286,-0.00011103886471801761,1
0.2840549591371528,0.9501936097034206,0
0.5301054448985242,-0.8248031655761542,0
0.5440885084567991,-0.8556154419812059,0
-0.010459700079171453,-0.011466647145209032,1
0.004761964824087258,0.004065859627037563,1
-0.010319049259232509,0.0004113383491256466,1
-0.01655021094519035,0.004687845599632453,1
0.05728899131015097,0.9936090274194811,0
0.7853540914274489,0.6201494373409451,0
-0.3185478444035775,0.9561375325021128,0
0.329246257981784,-0.953596627953377,0
0.012994711791683097,-0.02676385266754106,1
-0.8556936540726023,0.5026366043856074,0
0.011699082052035185,0.01165693580348695,1
-0.006105296865502642,0.0030748902977330798,1
-0.020520537513088646,-0.010236352232085657,1
0.9823364686447491,0.09171132258772496,0
-0.00693135771368716,-0.0016263388375923607,1
0.9090194684200466,0.4188685261819255,0
0.8218139677637946,-0.5783505944386645,0
-0.005262307012953105,0.03281261885121784,1
-0.9963708550205891,-0.02869553295845228,0
-0.7666815194150084,-0.6065860306585868,0
-0.014466514362930021,-0.012255877683901685,1
0.005975470917698494,0.00210756517348338,1
-0.014993911911758367,0.012406091865727687,1
-0.007086405747272442,0.019933874612126673,1
-0.0016205308832240696,-0.00699733663414798,1
-0.9953065988848161,-0.14149389481382266,0
0.000627635183955948,-0.0019030435812405384,1
-0.8307306174124642,-0.5529703875125379,0
0.47325666603946853,-0.8718322592799944,0
-0.32349755809535446,0.9426290903950041,0
-0.002483491170180073,-0.011848488385825591,1
0.0005308993474448227,-0.014374579966830737,1
0.028909696312881587,-0.012542828660865415,1
0.020029732543632255,0.0025088742670898202,1
0.0055248881941552495,0.005014582206486214,1
1.0003098049299979,-0.15227013891760904,0
-0.2743044787712622,0.9720633371879188,0
-0.23750906224704388,0.9673044655772642,0
0.010272871546533899,0.0012671014226447162,1
0.015990163250792465,0.0033871325123583894,1
-0.014004219295494245,-0.006092877886170036,1
0.0073101360755406875,0.0037854903344193896,1
-0.3417630436497402,-0.9498301309108556,0
0.8884852907670098,-0.4398170450437752,0
-0.5826348255597114,-0.8018604119273685,0
-0.6894395077018244,0.7143706232654403,0
0.03210112400242025,1.011508727549353,0
0.00311551280601984,-0.005123717649602355,1
-0.00555047396648622,0.011890852025426715,1
-0.23247317424386826,0.9742865942057711,0
-0.007763432220324808,-0.021361816046278542,1
-0.7881989090360892,0.6123752163720644,0
0.003064971739885805,0.008450864732691278,1
-0.9340270345845103,-0.3503258042896836,0
-0.8621593457502605,-0.516633971897955,0
0.32356720660257887,-0.9510256750269034,0
0.035898077923680584,1.000114599633821,0
-0.6676255111643469,0.73884542249465,0
-0.8335128960002247,0.5596346357252564,0
0.7202648690769934,-0.7089490223460331,0
-1.0002862026243802,0.057251681031098636,0
0.47896976239360595,-0.8699730668954269,0
-0.008842072866779101,-0.008867680602779999,1
-0.0090339115413018,-0.001642425914875569,1
-0.012731396023170825,0.0027803543959634656,1
-0.013364266190731321,-0.0054126955478139595,1
0.0015818987176808772,0.00015057779072763684,1
-0.02836942988602763,0.9858333117605891,0
-0.00799139470393256,0.01177744238576966,1
0.32176601134745875,-0.9351687098133068,0
-0.0006673334852793714,0.0014507349500175303,1
-0.007320014102524338,0.011210188908049258,1
-0.021379127323975507,0.0025264950992827805,1
-0.002792230081087336,1.7798837516241547e-05,1
-0.9434106184795225,0.3794982568658712,0
0.0013552870655554137,0.0003236291741047243,1
-0.0014443635811985083,-0.008609276986717576,1
-0.00044587809841823735,-0.010579993240303913,1
-0.01620892451386134,0.004785318094708997,1
0.0025219923004146066,-0.016285335216396694,1
0.007412508371002684,0.005117240469715692,1
0.01014855495455421,-0.016636414211835284,1
-0.011517092631394738,0.008196384318244274,1
0.13552768197290066,-0.9829008924758648,0
0.008731862508728693,0.01637048883225512,1
0.025623899146228573,-0.012152398775602664,1
-0.9720456867557133,-0.22017114978306496,0
-0.004555490227767136,-0.006940718817011869,1
0.7269592471872488,-0.6647479626857214,0
1.0007699860417083,-0.05309114853649518,0
0.15825606695244754,0.9880837139055304,0
-0.0032958809984388847,0.005503570217627585,1
-1.0028520684943394,0.22443966811180585,0
-0.015168088671377101,-0.012066114659096894,1
-0.011802934961202606,-0.004419707622928903,1
0.006887274752142591,0.0051743605909775146,1
-0.029096717041556162,-0.9948589487950141,0
0.0060104120984222215,0.018673070951036857,1
-0.006759261964396822,-0.005501157606379071,1
-0.9675587102544249,0.22802964217812388,0
-0.016468331881236593,-0.008437427954037173,1
0.006766868922359959,0.01611629288923568,1
-0.6552601080775671,-0.7596281908597788,0
0.012629804914540427,0.00197114245732571,1
0.42770222134649155,-0.9063092812419373,0
-0.0059346357407809355,-0.023710575524383787,1
-0.02614031871302424,0.006117457476022664,1
-0.22726030082438942,-0.9886062795190622,0
-0.9971313757632824,-0.12674979985381418,0
-0.0021817918821661255,-0.02334561361578875,1
-0.001025024867761103,0.010147034158775893,1
0.004502105236310658,0.009544528067532788,1
-0.9000527677275378,-0.3892104980215176,0
0.02310216387578913,-1.007155672292519,0
0.11406395293537624,-0.9781356095697191,0
-0.9494752562416408,0.3228659574491616,0
0.01811449348333288,-0.012991051366798224,1
-0.028552136391319982,-0.00464735371175538,1
0.9486205493474542,-0.35815738082343646,0
-0.33794072420174326,-0.9319641937804788,0
-0.012754695306870324,-0.00873498112877459,1
-0.005708518397069384,0.008049403342939682,1
0.002435516794398843,-0.009596399687770653,1
0.022893425042724267,-0.008938475639955272,1
-0.003269191074650613,-0.009709459628008012,1
0.006124176385890763,0.010487852769718219,1
-0.004544174779928277,-0.016185998297990844,1
-0.014484192776042178,-0.012156679995756939,1
0.0009012471364588204,-0.0002559693127315611,1
0.0003685734475697149,0.00478665813170218,1
0.010881498688246475,0.0027747043265230727,1
-0.004406002288609779,0.01063667274130008,1
-0.00602748701472156,0.016720946321041753,1
-0.0020581006490752955,-0.007725953979430564,1
0.47912388606390854,0.8579495673034534,0
-0.991650366973174,0.10656097817517303,0
-0.0188307051479564,0.0045210882336550245,1
-0.4139969618431946,0.9159516969644913,0
0.009586676208698304,-0.013292777723845491,1
0.8995276747713947,0.42802554941896287,0
0.017178350220836226,-0.0013588293529253146,1
-0.5139502962334962,0.8253831948136455,0
-0.009201120537711518,0.00851295338963839,1
-0.00013367848967138973,-0.022144295805435213,1
0.002235909868024123,-0.00603432821472655,1
-0.0029668147719296998,-0.006068899943953586,1
0.003386660995634171,-0.022644189116780122,1
-0.016939079936204384,0.003690616913314959,1
0.3697519968331418,0.9301902764141099,0
0.012513582377838808,0.0013038963175926888,1
-0.9918478907433725,0.1310541613483533,0
-0.010798408354836536,-0.011429622135548838,1
-0.0036358338659801875,0.01632419309150243,1
0.006635035355211611,0.018598302137527375,1
0.8786282395412839,-0.49378500012188226,0
0.007799368753637502,0.02180114745040756,1
0.007811255456513594,-0.011941634668917407,1
-0.8447082294662798,0.5124806778951395,0
0.20505039614357246,-0.9881100374784167,0
-0.0038142266344625914,0.0018892886975879677,1
0.27141367524534193,-0.9707569683534815,0
-0.009996041459188743,-0.006862898711882147,1
-0.01128990249216731,-0.006039968505836182,1
-0.9228210948461043,0.3872429383840218,0
0.9852958119023856,0.034211713511610065,0
-0.0072701495621037265,-0.0007386532277321731,1
-0.0011148701541389265,0.01564999776048136,1
0.018196502174078172,-0.013707288323921386,1
0.005691146424333016,-0.005929295631980087,1
0.003900580015254366,-0.010946056490974,1
0.0012744692100170414,-0.0005131516699882332,1
-0.024773275130173657,0.0034159257178350937,1
-0.004521079992327698,0.005565274744426325,1
0.3174170682026759,0.9628243982413816,0
-0.0022923150506537525,0.02006530682359258,1
-0.017636310289036686,0.012429014906469527,1
0.013872041850887688,0.005034152955504729,1
0.39388960453239374,-0.9291313069105958,0
0.006387927698586928,-0.034462997964950455,1
0.834686179733239,0.5436205173713639,0
0.9147246354089152,0.38111147044975213,0
-0.013005604817748736,0.0008746835150418471,1
-0.00425974203602175,-0.0018976396106056411,1
-0.796360699019091,0.5840972929256949,0
-0.11764205729364283,1.0031885870566284,0
0.9533610087802638,0.34022545320401715,0
-0.008893882872100358,-0.0057537166292666786,1
-0.9674884550881582,0.25921517657835147,0
0.9847327048012738,-0.15445639359613686,0
-0.0027179087120581345,-0.028313203187744274,1
0.030375048630971374,-1.009521427753772,0
-0.8984357955226021,-0.46707017533103873,0
0.5266132694790228,-0.8493211020035886,0
-0.00829303385414773,0.01949962722576233,1
0.189087008962743,-0.9918378862417185,0
0.012665030949602533,0.014948844019435645,1
0.9950815552674667,-0.03648470438031835,0
-0.1480398464445042,0.9694849186983898,0
0.7055514178558497,0.7049357350740282,0
0.9523505905409266,-0.35258087659251824,0
0.002073527174959734,0.003926439714379586,1
-0.03200538041718859,1.00034256584938,0
-0.006335999956709151,0.004958932719160721,1
0.019389765509754825,0.010520549359860175,1
-0.0041505529042423,-0.01850018307300911,1
-0.014210472824713211,-0.0030252625522003704,1
0.7044727264102134,0.7302643495787378,0
0.0010453716618456284,-0.007768609483482403,1
0.9954389762695203,0.1842646772138351,0
-0.3840054311290168,0.9318431870006165,0
0.8709470885897707,0.4871539164178845,0
0.9819598505382895,-0.1125838329379443,0
0.060826388649208876,-0.9893613553839699,0
-0.6963138543930908,0.7124153654198138,0
-0.03377960375232017,-0.0023751310340137314,1
-0.9055641390130974,0.40902824851768793,0
-0.015826779474777633,0.009516930466053999,1
0.7933875087339193,0.6124782493910292,0
0.008118216442892998,-0.02000726549145667,1
-0.4576477863943457,-0.8749400038687716,0
0.008195389940164213,0.0006506649265802782,1
-0.011630207541815329,0.006488031636593344,1
-0.007034612579672233,0.017077016759383626,1
-0.8542918423936856,-0.538625525840657,0
-0.019334805775936943,-0.004345221823753095,1
-0.9961553040524249,-0.004467461466982327,0
-0.016042562384903883,0.010691363705523245,1
0.893407013006273,-0.4513568721809986,0
0.8450253939904258,-0.5422244402534376,0
-3.734974999877218e-05,-0.01152037516099663,1
0.00565233595474918,-0.02244063970377062,1
0.01055111320456317,-0.018551269734600168,1
-0.9784837948932679,-0.2380145515738246,0
-0.8233757962128491,0.5868925009718634,0
-0.41898232713110534,0.8928309299908396,0
0.003382754036111624,0.004741031824647914,1
-0.0042432487534063605,0.0010735722733404057,1
0.3348161839177354,-0.9356320658291251,0
-0.020089949512235274,0.010882371147015851,1
0.9700679371197379,-0.30198939103470385,0
-0.00921956233084257,-0.01306499299419979,1
-0.014724572543567795,-0.019292930582009447,1
0.23540673765020423,0.9693578983160034,0
0.02198145080581467,0.001156078149031287,1
0.16859548594579088,-0.967549123824998,0
0.9888384695856562,-0.004046391743711613,0
-0.001258654663386506,-0.013743201560036514,1
-0.0077292621190848815,-0.00352312467223992,1
0.01668755374749442,-0.005923014679020212,1
0.5367025771685324,0.8482872822582828,0
-0.845161768254758,0.5376837208764073,0
0.9120792433109478,0.40624830142409984,0
0.005475260557167145,0.009387398397012683,1
0.02184862414222468,0.011140374553950784,1
0.5921805030002751,-0.7847297748697156,0
0.844084054317637,-0.5617595828837068,0
-0.1150054884249827,-0.9908433760267555,0
0.4310187519745304,0.9173532092639384,0
-0.4457614239237155,-0.8824513669818516,0
0.003167316982312147,-0.012178688084891776,1
0.0036653510922399274,-0.009032462131352264,1
-0.36922224772283924,-0.9248016333151948,0
-0.013324816325199601,0.0009950886744034887,1
-1.0022552212291502,0.11144710573070524,0
0.9898513474739543,0.1645337739655178,0
-0.7006017568258791,-0.7333586869301238,0
0.019864799246875536,0.004586104419646358,1
0.15038366456187566,-0.9895193022434033,0
-0.9428393914281793,-0.27211558124802954,0
-0.48465203155010333,0.8604513315358003,0
-0.0006659624237299296,-0.003368853093908876,1
0.002963461813852458,-0.00970878820698904,1
0.014441726409171332,0.0066457832661634495,1
0.00958391063158192,0.0024284237475843008,1
0.983933820208,-0.19518466615081234,0
-0.004318363992021365,-0.00041915107330438035,1
0.02415757369587644,0.0073158382136537855,1
-0.0037083794289688504,0.008609427140223381,1
-0.9979840163697805,0.08165563980052631,0
0.008291647241992814,0.015039804854697698,1
-0.017177940958082612,-0.0071513135650958255,1
0.015218806927455954,0.004330083445019882,1
0.004133114604898365,0.013614956872989768,1
-0.6988951937027962,0.6861472768369927,0
-0.0008952199686978104,-0.014086975746346073,1
-0.02416933436147603,-0.01437625859760354,1
0.9564397565191228,-0.3071745152355066,0
-0.011261070189311984,-0.010110618229381654,1
0.0030172807517580167,0.0012942624123976052,1
0.7538728390921131,0.6658465099317754,0
0.9496189084217972,-0.32470493361695035,0
0.024781928299485664,-0.0033370253839953906,1
-0.00935737214308852,-0.014639898069081872,1
-0.004565850746638653,-0.01001169607116946,1
-0.99832700337782,-0.023480994009071998,0
0.95843805912594,0.2641413008994655,0
-0.7127281087862236,-0.7227064186339027,0
0.87117981223474,-0.5093248974030723,0
-0.4472273185905751,0.9101553854739874,0
-0.9366086055688326,-0.32561164099413475,0
0.0017625727340424488,0.004697084309955635,1
-0.748968499538163,0.661699081873813,0
0.1324095978013891,-0.9920243194493548,0
0.0029436349651444866,-0.02777689868526669,1
0.44557312071030253,-0.8879931282151028,0
0.9977880475048464,-0.10438641399658652,0
-0.38962548914911466,-0.9185852958122847,0
-0.013610332759448724,0.013544059078807928,1
-0.756971379978887,-0.6624216659086923,0
-0.014249246012389529,0.014341837973713807,1
-0.07316069522319106,1.0054648854132762,0
-0.0034747491379697078,0.02632775622072226,1
-0.0033126396545135493,-0.005737708403584723,1
0.3131470470026023,0.9442193749303314,0
-0.03663268787549062,-1.014561671865303,0
0.44540362127964006,0.8941350418119011,0
0.8624625489775184,-0.5095524669662412,0
-0.5431966567831639,-0.8513128134592522,0
-0.8982797444162888,0.44156612529209477,0
0.8891848983887433,-0.4002472404255855,0
0.06366132580918953,0.9754304089705484,0
0.012237169870074354,0.020456802770276936,1
0.9685876160705065,0.23571820094600604,0
0.002062110972901248,0.0034655418599512182,1
0.63318014972889,0.8006543142866412,0
0.23901736452996095,0.9624628859974882,0
-0.9719404710778283,-0.2565843407672649,0
0.002461084028627978,-0.017883548094784936,1
0.6798185917051922,-0.7418129311654875,0
0.28369839241478473,0.9602893369503963,0
